Settlement Zone,Jan,Feb,Mar,Apr,May,Jun,Jul,Aug,Sep,Oct,Nov,Dec
LZ_AEN,1214202.6555465655,1186205.623123808,1230052.5708239542,1170664.7793762607,1402401.7642703748,1448109.201375644,1786595.8565412827,1826062.472834189,1417149.9304472704,1364068.4102535532,1166697.755387357,1267240.5421125405
LZ_CPS,2028372.2119517701,1999737.6437458887,2039098.8121050843,1996105.1442363427,2519528.082406839,2783585.4650058434,3287848.392416612,3269227.741777587,2551290.9393128,2398815.65125778,1965069.5144594202,2184703.015835908
LZ_HOUSTON,8973895.505076535,8499045.27889972,9710765.665845836,9081589.358570596,10702332.5840182,11690000.352733705,12816206.101576213,13139413.714760758,11468339.099712417,10792216.645122113,9396664.148362063,9559365.461896576
LZ_NORTH,12206457.66705323,11856889.282486264,10730559.90503182,10272694.068453692,12152410.146823106,14907687.083785923,17083559.138184875,17230997.16632609,12779730.812874084,11965287.334250273,10488002.992502833,12598829.428390173
LZ_SOUTH,4434976.46576155,4284259.855313587,4607357.172383562,4572017.570047948,5297545.411694679,5620686.362392396,6340441.23267978,6435778.285206264,5311910.571583616,5271214.941442634,4491720.786595189,4646330.486273936
LZ_WEST,4759305.220770028,4517098.589308194,4489150.038694039,4216294.419878887,4185732.699781055,4632501.050370059,5170754.573792076,5199635.187176614,4506688.332956011,4487101.682280581,4243074.558905721,4684263.8653697865
