Settlement Zone,Jan,Feb,Mar,Apr,May,Jun,Jul,Aug,Sep,Oct,Nov,Dec
LZ_AEN,1257477.6474850846,1228482.7821660945,1273892.4643073035,1212388.052389044,1452384.2978829755,1499720.7785117663,1850271.3236768844,1891144.5564799046,1467658.098532418,1412684.7175789059,1208279.6410210603,1312405.839679279
LZ_CPS,2100664.7495438713,2071009.626241514,2111773.6528761825,2067247.6620283008,2609325.742588984,2882794.306304319,3405029.5005511963,3385745.1975122923,2642220.64888577,2484311.0399360764,2035105.9017201462,2262567.2874766244
LZ_HOUSTON,9293731.122191448,8801956.91745476,10056863.826631986,9405263.25640454,11083770.85067086,12106639.756967355,13272984.229341425,13607711.1772854,11877078.34914591,11176858.439622372,9731567.521708988,9900067.618502153
LZ_NORTH,12641503.954200264,12279476.71941172,11113004.212219583,10638819.73204738,12585530.144325187,15439006.98777872,17692428.57246673,17845121.390201837,13235208.937038308,12391738.14999047,10861802.409658132,13047860.106636332
LZ_SOUTH,4593041.983018189,4436953.732117669,4771566.4529200345,4734967.323602498,5486353.461107016,5821011.370668699,6566418.784266801,6665153.712889733,5501230.604869112,5459084.555345305,4651808.709267774,4811928.8016941
LZ_WEST,4928930.03102797,4678090.993784376,4649146.338197962,4366565.963263502,4334915.003091274,4797606.475476962,5355043.713232465,5384953.650927642,4667309.70895712,4647024.97699665,4394300.56429485,4851214.151704422
