Settlement Zone,Jan,Feb,Mar,Apr,May,Jun,Jul,Aug,Sep,Oct,Nov,Dec
LZ_AEN,1159575.6491902033,1132838.203922136,1174712.4764022261,1117996.5431044747,1339307.675535668,1382958.7339582874,1706216.86645614,1743907.8787432008,1353392.3213654372,1302698.940027933,1114207.9956191988,1210227.3599779152
LZ_CPS,1937115.6978853596,1909769.399584217,1947359.708042613,1906300.3263140148,2406174.4540450918,2658351.8887195983,3139928.0150308036,3122145.1079069753,2436508.299263282,2290892.8780449233,1876660.9902590283,2086413.1751839695
LZ_HOUSTON,8570159.73283308,8116673.029627644,9273878.08754078,8673008.437296633,10220834.386477284,11164066.958783742,12239604.684195764,12548271.179174708,10952378.250808734,10306674.561533978,8973908.004800417,9129289.382368691
LZ_NORTH,11657288.846246602,11323447.551616797,10247791.759647032,9810525.317948217,11605672.925237307,14236989.887263935,16314969.406176068,16455774.193923969,12204770.419600016,11426968.772453384,10016147.488382641,12032007.792707298
LZ_SOUTH,4235446.769068194,4091510.902509515,4400072.063598707,4366322.390812827,5059208.717605094,5367811.549244079,6055184.6307957815,6146232.467061232,5072927.58860891,5034062.855836035,4289638.1615577,4437291.967170062
LZ_WEST,4545183.965673744,4313874.216322962,4287183.071665775,4026603.2336317766,3997416.486048145,4424084.717916473,4938122.202515815,4965703.476417175,4303932.317651702,4285226.870856085,4052178.53356675,4473518.722638034
