Settlement Zone,Jan,Feb,Mar,Apr,May,Jun,Jul,Aug,Sep,Oct,Nov,Dec
LZ_AEN,1309232.6822442971,1279044.4515677404,1326323.0970915777,1262287.2978496223,1512161.2648700243,1561446.0117007804,1926424.452014704,1968979.9378491577,1528063.70180982,1470827.7365091662,1258009.793238844,1366421.5989149518
LZ_CPS,2187123.524654134,2156247.8612170303,2198689.646195652,2152331.0627695806,2716719.893710388,3001443.826496454,3545173.0812419704,3525095.0783897284,2750968.6825371706,2586559.8588170595,2118866.4177761218,2355689.617597247
LZ_HOUSTON,9676240.805949064,9164226.248542307,10470782.386502195,9792363.359319517,11539954.661800131,12604922.619245065,13819271.28384447,14167774.86222027,12365912.965035357,11636873.532692496,10132097.595825989,10307532.788749013
LZ_NORTH,13161800.659169024,12784873.173741642,11570391.204690574,11076690.32651108,13103523.089476438,16074442.810354397,18420610.308002323,18579587.62877028,13779941.242977753,12901755.03972403,11308850.48433671,13584881.543719424
LZ_SOUTH,4782081.563926086,4619569.061376228,4967953.711270643,4929848.2416902995,5712159.792256363,6060591.490780777,6836678.246216644,6939476.888952546,5727649.246777276,5683768.557864505,4843267.000333911,5009977.286204825
LZ_WEST,5131794.030711594,4870631.006304115,4840495.051883114,4546284.285620225,4513330.641024815,4995065.484307795,5575445.621822841,5606586.587256885,4859405.987330092,4838286.380085919,4575160.382282354,5050879.535457356
