Settlement Zone,Jan,Feb,Mar,Apr,May,Jun,Jul,Aug,Sep,Oct,Nov,Dec
LZ_AEN,1278692.453804427,1249208.4183970236,1295384.203707999,1232842.1557019406,1476887.3589453048,1525022.4496093416,1881487.1054035362,1923049.907296946,1492418.8426821453,1436518.0101496882,1228664.431649452,1334547.335201568
LZ_CPS,2136104.899030879,2105949.4664796907,2147401.219796086,2102124.0344646256,2653347.4716143943,2931429.7019227324,3462475.4849870326,3442865.8379908884,2686797.345283662,2526223.655762413,2069440.0130506265,2300738.881925476
LZ_HOUSTON,9450524.927739926,8950454.03913995,10226532.383913063,9563938.711802179,11270764.275448808,12310889.92247589,13496911.700552003,13837285.800463011,12077455.602229267,11365422.33777954,9895748.030658437,10067090.879309185
LZ_NORTH,12854777.771440614,12486642.803696556,11300490.830737047,10818306.42155886,12797859.631829076,15699477.258295065,17990916.141000733,18146185.027233824,13458499.104268597,12600798.188025992,11045051.022355715,13267989.526509337
LZ_SOUTH,4670530.832447216,4511809.22896329,4852067.174615583,4814850.584270821,5578913.298102622,5919217.194890231,6677200.318235628,6777600.996060449,5594041.432985022,5551184.340780209,4730289.007505373,4893110.473395835
LZ_WEST,5012085.621251762,4757014.698373386,4727581.719783001,4440233.953606342,4408049.012578693,4878546.516341483,5445388.233817023,5475802.779714578,4746051.52333922,4725424.569263995,4468436.462906596,4933058.603451054
