Settlement Zone,Jan,Feb,Mar,Apr,May,Jun,Jul,Aug,Sep,Oct,Nov,Dec
LZ_AEN,1192399.7783125886,1164905.4756920107,1207965.083969513,1149643.6917099748,1377219.4824169916,1422106.1721492144,1754514.7785194535,1793272.7109810866,1391702.8225740197,1339574.462763283,1145747.9017417012,1244485.2880045176
LZ_CPS,1991949.667395493,1963829.2769278903,2002483.6549357376,1960262.004537143,2474286.078349826,2733601.904282625,3228810.0148143824,3210523.726613164,2505478.5842797305,2355741.2246681154,1929783.6672540347,2145473.311116206
LZ_HOUSTON,8812755.401228182,8346431.841616098,9536393.924280956,8918515.44585116,10510155.732501183,11480088.406493504,12586071.39798159,12903475.321082639,11262407.42238785,10598425.786964122,9227932.582918873,9387712.343985522
LZ_NORTH,11987271.934950957,11643980.58868462,10537876.18852658,10088232.037660422,11934194.921121059,14639996.620546062,16776797.543728005,16921588.09517948,12550251.079220446,11750432.186613914,10299674.758636313,12372598.057486642
LZ_SOUTH,4355339.638270796,4207329.37650335,4524624.9840263035,4489919.958635239,5202419.831360147,5519758.289001907,6226588.852952332,6320213.981985165,5216527.042696529,5176562.16522181,4411065.02749923,4562898.472089192
LZ_WEST,4673844.5713689905,4435987.132710263,4408540.441332806,4140584.36505485,4110571.427673238,4549317.3649892835,5077905.718072298,5106267.735598733,4425763.808531375,4406528.866310996,4166883.625473122,4600150.698987163
