Settlement Zone,Jan,Feb,Mar,Apr,May,Jun,Jul,Aug,Sep,Oct,Nov,Dec
LZ_AEN,1324771.3613660785,1294224.8404970302,1342064.614468141,1277268.803846832,1530108.4097846497,1579978.0945542362,1949288.295713516,1992348.8529903656,1546199.5854171263,1488284.3128313017,1272940.5315058476,1382639.0269234045
LZ_CPS,2213081.485458353,2181839.3730062437,2224784.879964222,2177876.0878837476,2748963.389663881,3037066.5795444692,3587249.106143949,3566932.806732235,2783618.6615758375,2617258.545322915,2144014.266446766,2383648.211646097
LZ_HOUSTON,9791083.647124544,9272992.224985395,10595055.275396895,9908584.405546013,11676917.063519457,12754524.634678701,13983285.843737984,14335925.650418056,12512678.285071649,11774986.21980881,10252350.791080957,10429868.143429477
LZ_NORTH,13318012.00332604,12936610.939345611,11707714.843705582,11208154.457409455,13259042.764025956,16265222.961414598,18639236.039459594,18800100.18875586,13943489.012748197,13054880.022310346,11443070.017117606,13746114.239845991
LZ_SOUTH,4838837.885368241,4674396.596847298,5026916.063538666,4988358.337707295,5779954.783404965,6132521.857124831,6917819.628468664,7021838.340902864,5795628.075120621,5751226.586541066,4900749.5035130195,5069438.396909991
LZ_WEST,5192700.928197232,4928438.280254702,4897944.656083986,4600242.037873668,4566897.281662879,5054349.613710898,5641618.015510673,5673128.578706814,4917080.036705446,4895709.770579475,4629460.851614593,5110826.096102104
