Settlement Zone,Jan,Feb,Mar,Apr,May,Jun,Jul,Aug,Sep,Oct,Nov,Dec
LZ_AEN,1292796.3193243414,1262987.0775945475,1309672.177764123,1246440.2964585929,1493177.296871076,1541843.3133597665,1902239.743016367,1944260.9789662159,1508880.0915101569,1452362.677701926,1242216.4924765322,1349267.2751602675
LZ_CPS,2159665.9485566863,2129177.9042315474,2171086.8667483255,2125310.2780371583,2682613.6613114662,2963763.114209628,3500666.2856451296,3480840.345963982,2716432.484151026,2554087.680929757,2092265.7547360153,2326115.8298307913
LZ_HOUSTON,9554763.388111593,9049176.761507336,10339330.138407217,9669428.116256421,11395079.816042354,12446677.95765235,13645781.451829866,13989909.848184342,12210668.877344623,11490781.948491368,10004897.262772942,10178130.008003574
LZ_NORTH,12996564.841847861,12624369.377725028,11425134.252625981,10937631.391741432,12939018.900152767,15872641.114330314,18189354.36676627,18346335.855184775,13606945.167981371,12739783.885922888,11166876.965581095,13414334.286302643
LZ_SOUTH,4722046.377542881,4561574.08870535,4905585.049629833,4867957.963560496,5640448.222055287,5984505.640952075,6750849.251611073,6852357.340098978,5655743.21893747,5612413.416767697,4782463.680026269,4947081.052392788
LZ_WEST,5067368.485685749,4809484.152918533,4779726.531157968,4489209.3443442,4456669.406242259,4932356.456170573,5505450.388031649,5536200.403700619,4798400.055026106,4777545.587458095,4517722.924846377,4987469.80681581
