Settlement Zone,Jan,Feb,Mar,Apr,May,Jun,Jul,Aug,Sep,Oct,Nov,Dec
LZ_AEN,1116377.0280428475,1090635.6547166065,1130949.9506363473,1076346.9024420897,1289413.3500420141,1331438.2398426929,1642653.7724391688,1678940.6505832039,1302973.2890278446,1254168.4297342508,1072699.4928184357,1165141.7691737616
LZ_CPS,1864950.7406357103,1838623.1963769784,1874813.1222945368,1835283.359333871,2316535.266875778,2559318.129087484,3022953.705639252,3005833.279715574,2345739.060519982,2205548.369821635,1806748.2017343328,2008686.3167641961
LZ_HOUSTON,8250888.55485558,7814295.963130336,8928390.713474058,8349905.752316791,9840069.274015978,10748162.830965081,11783632.668816501,12080800.158114541,10544360.335764006,9922711.574743312,8639595.661848646,8789188.48972841
LZ_NORTH,11223010.319592493,10901605.888068711,9866022.382089697,9445045.785187632,11173317.2887529,13706607.645408345,15707174.491803478,15842733.763499103,11750096.11360286,11001270.54809984,9643007.744538547,11583769.55431192
LZ_SOUTH,4077660.2024957202,3939086.4966320572,4236152.57612999,4203660.2075394355,4870733.872647934,5167840.070308546,5829605.879615803,5917261.836284727,4883941.663316907,4846524.790257386,4129832.758667616,4271985.896157059
LZ_WEST,4375858.505695953,4153165.9278396512,4127469.1302497215,3876596.886290962,3848497.456513865,4259270.667374323,4754158.29265379,4780712.0587743,4143594.4028602545,4125585.8053905778,3901219.4086357947,4306863.066640255
