Settlement Zone,Jan,Feb,Mar,Apr,May,Jun,Jul,Aug,Sep,Oct,Nov,Dec
LZ_AEN,1238476.9585652547,1209920.210311248,1254643.7448727852,1194068.6744823,1430438.5382177345,1477059.7570326983,1822313.427241287,1862569.0589416623,1445481.5492898482,1391338.8249388277,1190022.3418689675,1292575.1769663577
LZ_CPS,2068923.3682869058,2039716.338653549,2079864.4143082902,2036011.2183229174,2569898.412151267,2839234.8220117004,3353578.9587207222,3334586.0445934306,2602296.2711384306,2446772.7017045137,2004355.1251677119,2228379.5329065877
LZ_HOUSTON,9153301.354465181,8668957.93682971,9904903.001355214,9263148.220243493,10916293.295571992,11923706.488653086,13072427.308998618,13402096.479077764,11697613.790519433,11007974.316125646,9584521.975768572,9750476.00907621
LZ_NORTH,12450488.802087663,12093931.856876416,10945084.936339453,10478065.459709367,12395360.765456524,15205721.116182864,17425093.139336705,17575478.744107924,13035222.807420366,12204496.999235341,10697678.833300866,12850704.847891586
LZ_SOUTH,4523640.382051692,4369910.649654728,4699467.318582694,4663421.207978682,5403453.780442939,5733054.955320822,6467199.143355719,6564442.171372674,5418106.128176888,5376596.912220504,4581519.13364301,4739219.785793724
LZ_WEST,4854453.107788441,4607404.28862558,4578896.991427037,4300586.451276295,4269413.74218825,4725113.872222651,5274128.143917402,5303586.137657238,4596785.910741097,4576807.684333688,4327901.978038158,4777911.527865053
